"id","race","gender","firstgen","total_sleep","university","cum_gpa","term_gpa","midpoint_sleep","naptime"
185,"Not Underrepresented","Female","Not First-Gen",432.2,"Carnegie Mellon University SP 2017",3,3.38,458.66,24.16
158,"Underrepresented","Female","Not First-Gen",391.9310345,"Carnegie Mellon University SP 2017",3.66,2.6,364.4655172,13.13793103
209,"Not Underrepresented","Female","Not First-Gen",344.3043478,"Carnegie Mellon University SP 2017",3.57,3.07,560.8913043,14.95652174
102,"Underrepresented","Female","First-Gen",392.6206897,"Carnegie Mellon University SP 2017",3.61,3.56,416.4827586,54.55172414
174,"Not Underrepresented","Female","Not First-Gen",423.4210526,"Carnegie Mellon University SP 2017",3.21,4,368.7631579,10.52631579
184,"Not Underrepresented","Female","Not First-Gen",397.4,"Carnegie Mellon University SP 2017",3.2,3.36,353.58,22.36
255,"Not Underrepresented","Female","Not First-Gen",348.5925926,"Carnegie Mellon University SP 2017",3.4,3.19,434.7037037,20.51851852
265,"Not Underrepresented","Female","Not First-Gen",422.1111111,"Carnegie Mellon University SP 2017",3.86,3.28,414.8333333,17.03703704
343,"Not Underrepresented","Male","Not First-Gen",454.3214286,"Carnegie Mellon University SP 2017",3.79,3.5,423.8214286,52.67857143
137,"Not Underrepresented","Female","Not First-Gen",308.9655172,"Carnegie Mellon University SP 2017",3.53,2.55,334.7931034,85.48275862
279,"Not Underrepresented","Female","Not First-Gen",314.5862069,"Carnegie Mellon University SP 2017",3.61,3.49,479.362069,21.4137931
220,"Not Underrepresented","Female","Not First-Gen",382.1923077,"Carnegie Mellon University SP 2017",3.82,3.76,463.5769231,2.269230769
337,"Not Underrepresented","Female","Not First-Gen",389.7241379,"Carnegie Mellon University SP 2017",3.33,3.74,447.862069,14.55172414
323,"Not Underrepresented","Male","Not First-Gen",365.7241379,"Carnegie Mellon University SP 2017",4,4,519.4655172,27.55172414
216,"Not Underrepresented","Female","First-Gen",360,"Carnegie Mellon University SP 2017",3.16,3.56,372.137931,34.06896552
125,"Not Underrepresented","Male","First-Gen",366.7586207,"Carnegie Mellon University SP 2017",3,3.2,431.6724138,10.24137931
211,"Not Underrepresented","Female","Not First-Gen",292.1034483,"Carnegie Mellon University SP 2017",3.77,2.78,424.0344828,9.379310345
316,"Underrepresented","Female","Not First-Gen",446.1304348,"Carnegie Mellon University SP 2017",3.71,2.83,383.1956522,23.13043478
178,"Not Underrepresented","Male","Not First-Gen",371.7272727,"Carnegie Mellon University SP 2017",3.82,3.78,451.0454545,42.90909091
153,"Not Underrepresented","Female","First-Gen",439.5517241,"Carnegie Mellon University SP 2017",3.1,3.3,366.137931,12.24137931
130,"Not Underrepresented","Female","Not First-Gen",359.1724138,"Carnegie Mellon University SP 2017",4,3.44,330.3275862,6.103448276
303,"Not Underrepresented","Female","Not First-Gen",384.8275862,"Carnegie Mellon University SP 2017",3.17,3.05,341,20.20689655
160,"Not Underrepresented","Female","Not First-Gen",372.25,"Carnegie Mellon University SP 2017",4,3.82,383.2142857,25.03571429
295,"Not Underrepresented","Female","Not First-Gen",402.4166667,"Carnegie Mellon University SP 2017",3.47,3,349.25,10.91666667
353,"Not Underrepresented","Female","Not First-Gen",360.862069,"Carnegie Mellon University SP 2017",3.62,3.81,452.637931,22.13793103
172,"Not Underrepresented","Male","Not First-Gen",443.137931,"Carnegie Mellon University SP 2017",2.91,2.61,437.862069,23.79310345
190,"Not Underrepresented","Male","Not First-Gen",375.8,"Carnegie Mellon University SP 2017",3.79,3.17,400.64,28.04
197,"Not Underrepresented","Male","Not First-Gen",335.9565217,"Carnegie Mellon University SP 2017",1.57,2.67,494.1304348,20.73913043
181,"Not Underrepresented","Female","Not First-Gen",408.1153846,"Carnegie Mellon University SP 2017",4,4,328.0192308,12.11538462
198,"Underrepresented","Female","Not First-Gen",371.2758621,"Carnegie Mellon University SP 2017",3.3,2.94,321.6034483,106.4482759
299,"Underrepresented","Female","Not First-Gen",300.375,"Carnegie Mellon University SP 2017",3.28,1.7,469.6875,9
142,"Not Underrepresented","Male","Not First-Gen",373.1724138,"Carnegie Mellon University SP 2017",4,3.81,467.9655172,23.65517241
163,"Underrepresented","Male","Not First-Gen",429.862069,"Carnegie Mellon University SP 2017",3.52,3.46,437.8275862,52.65517241
236,"Not Underrepresented","Male","Not First-Gen",391.32,"Carnegie Mellon University SP 2017",3.29,3.51,410.76,30.76
247,"Underrepresented","Male","Not First-Gen",365.9166667,"Carnegie Mellon University SP 2017",3.72,3.81,501.1041667,28.16666667
261,"Not Underrepresented","Male","Not First-Gen",342.4545455,"Carnegie Mellon University SP 2017",3.76,3.8,468.6136364,21.95454545
301,"Not Underrepresented","Male","Not First-Gen",293.4827586,"Carnegie Mellon University SP 2017",4,3.77,395.2068966,31.89655172
129,"Not Underrepresented","Female","Not First-Gen",411.3103448,"Carnegie Mellon University SP 2017",4,3.4,373.1206897,18.65517241
133,"Not Underrepresented","Female","Not First-Gen",477.9230769,"Carnegie Mellon University SP 2017",3.48,3.83,370.3461538,22.03846154
179,"Not Underrepresented","Female","Not First-Gen",447.6551724,"Carnegie Mellon University SP 2017",3.07,2.43,448.3448276,18.96551724
201,"Underrepresented","Female","Not First-Gen",444.2857143,"Carnegie Mellon University SP 2017",3.71,3.79,318.3928571,22.10714286
254,"Not Underrepresented","Female","Not First-Gen",443.3793103,"Carnegie Mellon University SP 2017",3.8,4,367.2068966,13.79310345
308,"Not Underrepresented","Female","Not First-Gen",401.0769231,"Carnegie Mellon University SP 2017",3.74,3.39,420.6923077,11.42307692
258,"Not Underrepresented","Male","Not First-Gen",412.5357143,"Carnegie Mellon University SP 2017",3.76,3.55,361.0714286,14.75
281,"Not Underrepresented","Male","Not First-Gen",442.0909091,"Carnegie Mellon University SP 2017",3.46,3.5,580.1818182,14.09090909
145,"Not Underrepresented","Female","Not First-Gen",406.52,"Carnegie Mellon University SP 2017",3.72,3.06,358.1,39
167,"Not Underrepresented","Female","Not First-Gen",445.9230769,"Carnegie Mellon University SP 2017",4,4,322.0961538,14.26923077
168,"Not Underrepresented","Female","Not First-Gen",406.2758621,"Carnegie Mellon University SP 2017",3.23,3.59,473,5.862068966
223,"Not Underrepresented","Female","Not First-Gen",421.5,"Carnegie Mellon University SP 2017",3.2,1.69,687.5,46.5
233,"Not Underrepresented","Female","Not First-Gen",362.9411765,"Carnegie Mellon University SP 2017",2.62,2.46,496.5882353,18.11764706
304,"Not Underrepresented","Female","Not First-Gen",362.3928571,"Carnegie Mellon University SP 2017",3,3.41,440.6785714,50.57142857
123,"Not Underrepresented","Male","Not First-Gen",439.862069,"Carnegie Mellon University SP 2017",3.46,4,321.6724138,13.4137931
189,"Not Underrepresented","Female","Not First-Gen",379.4827586,"Carnegie Mellon University SP 2017",4,3.56,423.4137931,14.20689655
191,"Not Underrepresented","Female","Not First-Gen",377.8333333,"Carnegie Mellon University SP 2017",4,4,395.6666667,23.83333333
215,"Not Underrepresented","Female","Not First-Gen",424.7241379,"Carnegie Mellon University SP 2017",3.79,4,346.8103448,11.65517241
291,"Not Underrepresented","Female","Not First-Gen",433.3043478,"Carnegie Mellon University SP 2017",1.21,2.32,460.1304348,25.39130435
208,"Underrepresented","Male","Not First-Gen",382.4642857,"Carnegie Mellon University SP 2017",2.65,3.53,539.5535714,37.07142857
326,"Underrepresented","Male","Not First-Gen",399.4705882,"Carnegie Mellon University SP 2017",1.94,1.79,560.5882353,29.52941176
332,"Not Underrepresented","Female","First-Gen",359.5,"Carnegie Mellon University SP 2017",3.4,3.69,444.1875,23.83333333
234,"Underrepresented","Male","First-Gen",303.4230769,"Carnegie Mellon University SP 2017",1.91,2.98,545.5576923,29.53846154
104,"Not Underrepresented","Female","Not First-Gen",377.5652174,"Carnegie Mellon University SP 2017",3.21,3.3,439.3478261,49.43478261
173,"Not Underrepresented","Female","Not First-Gen",400.1851852,"Carnegie Mellon University SP 2017",2.93,3.06,344.2037037,10.59259259
241,"Not Underrepresented","Female","Not First-Gen",393.5217391,"Carnegie Mellon University SP 2017",3.81,3.6,376.1304348,39.86956522
349,"Not Underrepresented","Female","Not First-Gen",430.75,"Carnegie Mellon University SP 2017",3.44,3.61,351.0625,18.625
357,"Not Underrepresented","Female","Not First-Gen",397.8846154,"Carnegie Mellon University SP 2017",4,4,407.8076923,22.73076923
152,"Not Underrepresented","Male","Not First-Gen",398.3636364,"Carnegie Mellon University SP 2017",3.98,4,347.0454545,55.72727273
196,"Not Underrepresented","Male","Not First-Gen",456.4642857,"Carnegie Mellon University SP 2017",3.79,3.18,316.7678571,20.96428571
204,"Underrepresented","Male","Not First-Gen",393.5789474,"Carnegie Mellon University SP 2017",2.15,2.76,349.1578947,66.36842105
289,"Underrepresented","Male","Not First-Gen",400.7142857,"Carnegie Mellon University SP 2017",2.76,3.23,526.5238095,60.61904762
109,"Not Underrepresented","Female","Not First-Gen",422.8275862,"Carnegie Mellon University SP 2017",3.09,2.6,415.7068966,8.862068966
176,"Not Underrepresented","Female","Not First-Gen",418.44,"Carnegie Mellon University SP 2017",2.5,2.33,381.1,32.76
214,"Not Underrepresented","Female","Not First-Gen",477.4285714,"Carnegie Mellon University SP 2017",4,4,346.0535714,23.21428571
218,"Not Underrepresented","Female","Not First-Gen",442.1071429,"Carnegie Mellon University SP 2017",4,4,424.3392857,9.714285714
278,"Not Underrepresented","Female","Not First-Gen",266.8333333,"Carnegie Mellon University SP 2017",2.98,3.56,514,162.6666667
305,"Not Underrepresented","Female","Not First-Gen",361.4285714,"Carnegie Mellon University SP 2017",3.52,3.26,430.9107143,15.28571429
306,"Not Underrepresented","Female","Not First-Gen",330.4827586,"Carnegie Mellon University SP 2017",3.56,2.98,439.7758621,37.79310345
116,"Not Underrepresented","Male","Not First-Gen",389.3846154,"Carnegie Mellon University SP 2017",2.82,3.2,440.9615385,23.84615385
120,"Not Underrepresented","Male","Not First-Gen",445.6071429,"Carnegie Mellon University SP 2017",3.8,4,316.5178571,22.28571429
147,"Not Underrepresented","Male","Not First-Gen",394.8666667,"Carnegie Mellon University SP 2017",4,4,339.3333333,67.46666667
164,"Not Underrepresented","Male","Not First-Gen",387.9285714,"Carnegie Mellon University SP 2017",3.26,3.04,421.1964286,31.82142857
171,"Not Underrepresented","Male","Not First-Gen",414.72,"Carnegie Mellon University SP 2017",3.77,3.25,496.16,17.76
175,"Not Underrepresented","Male","Not First-Gen",307.3461538,"Carnegie Mellon University SP 2017",3.4,3.6,295.5384615,17.76923077
183,"Not Underrepresented","Male","Not First-Gen",437.6206897,"Carnegie Mellon University SP 2017",3.41,3.19,472.9655172,24.5862069
249,"Not Underrepresented","Male","Not First-Gen",394.1428571,"Carnegie Mellon University SP 2017",3.61,3.38,539.4821429,17.07142857
310,"Underrepresented","Male","Not First-Gen",398.5,"Carnegie Mellon University SP 2017",3.35,3.38,379.6,7.6
356,"Not Underrepresented","Male","Not First-Gen",303.75,"Carnegie Mellon University SP 2017",3.22,1.38,431.0625,11.875
200,"Not Underrepresented","Female","Not First-Gen",463.9130435,"Carnegie Mellon University SP 2017",3.71,3.77,366,30.60869565
280,"Not Underrepresented","Female","Not First-Gen",352.8125,"Carnegie Mellon University SP 2017",2.33,3.5,435.71875,37.5
194,"Not Underrepresented","Male","Not First-Gen",370.5238095,"Carnegie Mellon University SP 2017",3.76,3.38,451.6904762,27.76190476
311,"Not Underrepresented","Female","Not First-Gen",378.25,"Carnegie Mellon University SP 2017",3.21,2.49,460.7321429,38.21428571
346,"Not Underrepresented","Female","Not First-Gen",361.4736842,"Carnegie Mellon University SP 2017",3.74,3.48,395.7631579,19.89473684
347,"Not Underrepresented","Female","Not First-Gen",445.5862069,"Carnegie Mellon University SP 2017",3.74,3.74,313.4482759,31.89655172
134,"Not Underrepresented","Male","Not First-Gen",430.0833333,"Carnegie Mellon University SP 2017",3.79,3.41,497.0416667,22.33333333
313,"Not Underrepresented","Female","First-Gen",378.0769231,"Carnegie Mellon University SP 2017",3.29,2.47,497,21.65384615
334,"Not Underrepresented","Female","First-Gen",388.8181818,"Carnegie Mellon University SP 2017",3.21,2.6,493.1363636,13.77272727
338,"Not Underrepresented","Female","First-Gen",388.6428571,"Carnegie Mellon University SP 2017",3.29,2.87,442.9642857,47.92857143
309,"Underrepresented","Male","First-Gen",438.6296296,"Carnegie Mellon University SP 2017",2.57,2.4,552.2777778,48.03703704
148,"Not Underrepresented","Female","Not First-Gen",324.6296296,"Carnegie Mellon University SP 2017",2,2.8,371.3333333,21.66666667
180,"Not Underrepresented","Female","Not First-Gen",574.3448276,"Carnegie Mellon University SP 2017",3.49,3.6,353.7758621,15.75862069
202,"Underrepresented","Female","Not First-Gen",300.3793103,"Carnegie Mellon University SP 2017",1.95,3,465.4137931,61.34482759
229,"Not Underrepresented","Female","Not First-Gen",367.7916667,"Carnegie Mellon University SP 2017",3,3.75,560.125,28.41666667
266,"Underrepresented","Female","Not First-Gen",360.6896552,"Carnegie Mellon University SP 2017",3.07,2.4,419.7068966,33.89655172
284,"Not Underrepresented","Female","Not First-Gen",383.32,"Carnegie Mellon University SP 2017",3,3.6,531.98,26.28
287,"Not Underrepresented","Female","Not First-Gen",398.9259259,"Carnegie Mellon University SP 2017",3.39,3.6,442.3518519,21.48148148
288,"Not Underrepresented","Female","Not First-Gen",460.5185185,"Carnegie Mellon University SP 2017",3.57,2.6,324.5185185,24.85185185
292,"Not Underrepresented","Female","Not First-Gen",349.3529412,"Carnegie Mellon University SP 2017",3.39,3.8,473.9411765,14.41176471
302,"Not Underrepresented","Female","Not First-Gen",326.5,"Carnegie Mellon University SP 2017",3.25,3.4,369.2692308,34.80769231
307,"Not Underrepresented","Female","Not First-Gen",399.8928571,"Carnegie Mellon University SP 2017",2.67,3.13,358.8035714,17.39285714
333,"Not Underrepresented","Female","Not First-Gen",360.6086957,"Carnegie Mellon University SP 2017",3.79,4,419.0869565,23.08695652
144,"Not Underrepresented","Male","Not First-Gen",431.2758621,"Carnegie Mellon University SP 2017",3.05,2.73,352.362069,17.79310345
264,"Not Underrepresented","Male","Not First-Gen",411.8636364,"Carnegie Mellon University SP 2017",2.91,3.4,406.2727273,26.13636364
322,"Not Underrepresented","Male","Not First-Gen",421.8928571,"Carnegie Mellon University SP 2017",2.9,3.36,424.8214286,40.92857143
329,"Not Underrepresented","Male","Not First-Gen",465.9285714,"Carnegie Mellon University SP 2017",2.84,3.12,592.5535714,31.71428571
149,"Not Underrepresented","Male","Not First-Gen",402.6521739,"Carnegie Mellon University SP 2017",2.49,2.77,365.1956522,10.52173913
240,"Underrepresented","Male","Not First-Gen",370.4482759,"Carnegie Mellon University SP 2017",3.8,3.22,404.9310345,20.20689655
276,"Not Underrepresented","Female","First-Gen",338.2916667,"Carnegie Mellon University SP 2017",3.43,3.21,362.7916667,11.29166667
157,"Underrepresented","Male","First-Gen",428.6296296,"Carnegie Mellon University SP 2017",2.44,3.07,323.7777778,21.2962963
119,"Underrepresented","Female","Not First-Gen",465.4482759,"Carnegie Mellon University SP 2017",2.7,1.97,315.3275862,15.34482759
136,"Not Underrepresented","Female","Not First-Gen",414.0689655,"Carnegie Mellon University SP 2017",3.23,3.49,432.5,13.96551724
224,"Not Underrepresented","Male","Not First-Gen",345.8928571,"Carnegie Mellon University SP 2017",4,4,414.0714286,21.67857143
300,"Not Underrepresented","Female","Not First-Gen",413.3793103,"Carnegie Mellon University SP 2017",2.96,3.28,386.7068966,41.93103448
242,"Not Underrepresented","Male","Not First-Gen",413.6206897,"Carnegie Mellon University SP 2017",3.49,3.54,420.4310345,17.68965517
282,"Not Underrepresented","Male","Not First-Gen",416.7241379,"Carnegie Mellon University SP 2017",2.93,3.57,384.2413793,44.62068966
341,"Not Underrepresented","Female","Not First-Gen",351.6296296,"Carnegie Mellon University SP 2017",3.5,3.51,408.0555556,5.074074074
124,"Underrepresented","Male","Not First-Gen",444.9130435,"Carnegie Mellon University SP 2017",4,4,347.3913043,30.52173913
312,"Not Underrepresented","Male","Not First-Gen",375.08,"Carnegie Mellon University SP 2017",3.47,3.29,461.54,33.88
297,"Not Underrepresented","Female","Not First-Gen",335.8571429,"Carnegie Mellon University SP 2017",3.27,3.03,610.6666667,72.66666667
110,"Not Underrepresented","Male","Not First-Gen",392.2413793,"Carnegie Mellon University SP 2017",4,4,387.0862069,23.31034483
166,"Underrepresented","Male","Not First-Gen",357.0344828,"Carnegie Mellon University SP 2017",2,1.5,446.7241379,47.06896552
170,"Not Underrepresented","Male","Not First-Gen",348.0833333,"Carnegie Mellon University SP 2017",2.6,3.08,430.3958333,22.08333333
518,"Not Underrepresented","Female","First-Gen",296.95,"Carnegie Mellon SP 2018",4,4,466.825,60.6
653,"Not Underrepresented","Female","First-Gen",313.8695652,"Carnegie Mellon SP 2018",2.98,3.28,402.0217391,64.95652174
2,"Not Underrepresented","Female","First-Gen",587.6666667,"University of Washington SP 2018",3.321428036,3.833333,380.3333333,64.5
6,"Not Underrepresented","Female","First-Gen",406.8846154,"University of Washington SP 2018",3.426666267,3.476923,358.8653846,39.38461538
19,"Not Underrepresented","Female","First-Gen",411.2666667,"University of Washington SP 2018",3.265517103,3.1,349.5333333,27.33333333
32,"Not Underrepresented","Female","First-Gen",405.2142857,"University of Washington SP 2018",3.17999955,3.5,363.25,39.57142857
33,"Not Underrepresented","Female","First-Gen",396.5,"University of Washington SP 2018",2.566666,2.992307,410.7678571,75.60714286
34,"Not Underrepresented","Female","First-Gen",389,"University of Washington SP 2018",3.740740481,3.478571,300.4666667,24.26666667
37,"Not Underrepresented","Female","First-Gen",434,"University of Washington SP 2018",3.6999995,3.192857,343.3214286,8.642857143
42,"Not Underrepresented","Female","First-Gen",425.4642857,"University of Washington SP 2018",3.799999864,3.95,334.0535714,25.96428571
43,"Not Underrepresented","Female","First-Gen",394.8928571,"University of Washington SP 2018",3.6999995,3.866666,362.7142857,13.10714286
44,"Underrepresented","Female","First-Gen",469.5,"University of Washington SP 2018",3.126470529,2.728571,473.8958333,31.29166667
50,"Not Underrepresented","Female","First-Gen",412.5555556,"University of Washington SP 2018",3.599999619,3.435714,323.7962963,68.55555556
78,"Not Underrepresented","Female","First-Gen",408.5555556,"University of Washington SP 2018",3.499999667,3.466666,397.1666667,34.51851852
80,"Not Underrepresented","Female","First-Gen",430.037037,"University of Washington SP 2018",3.65,3.527777,436.7407407,43.33333333
82,"Not Underrepresented","Female","First-Gen",398.5,"University of Washington SP 2018",3.796551103,3.666666,343.8392857,21.67857143
84,"Not Underrepresented","Female","First-Gen",377.5357143,"University of Washington SP 2018",3.78399956,3.753846,423.5178571,86.28571429
86,"Not Underrepresented","Female","First-Gen",394.3928571,"University of Washington SP 2018",3.4875,3.646666,324.125,98.28571429
89,"Not Underrepresented","Female","First-Gen",398.9166667,"University of Washington SP 2018",3.375,2.26923,340.4166667,79.33333333
98,"Not Underrepresented","Female","First-Gen",407.3214286,"University of Washington SP 2018",3.370967742,3.966666,558.7142857,99.10714286
108,"Not Underrepresented","Female","First-Gen",498.9230769,"University of Washington SP 2018",3.249999679,3.076923,452.9423077,24.88461538
117,"Not Underrepresented","Female","First-Gen",390.4642857,"University of Washington SP 2018",3.351724138,2.690909,366.1964286,63.67857143
125,"Not Underrepresented","Female","First-Gen",367.8846154,"University of Washington SP 2018",3.279310103,3.766666,499.6538462,95.92307692
132,"Underrepresented","Female","First-Gen",430.4285714,"University of Washington SP 2018",2.331817364,3.446153,319.6428571,71.07142857
137,"Underrepresented","Female","First-Gen",392.8518519,"University of Washington SP 2018",3.6599998,3.533333,390.4444444,42.2962963
144,"Not Underrepresented","Female","First-Gen",335.1785714,"University of Washington SP 2018",3.35599984,2.871428,365.3214286,52.85714286
149,"Underrepresented","Female","First-Gen",369.2857143,"University of Washington SP 2018",2.7,3,329.5357143,97.89285714
169,"Underrepresented","Female","First-Gen",471.3214286,"University of Washington SP 2018",3.543749469,3.517647,303.8035714,12.57142857
174,"Not Underrepresented","Female","First-Gen",404.9615385,"University of Washington SP 2018",2.310344414,3.376923,571.25,47.42307692
176,"Not Underrepresented","Female","First-Gen",374.8888889,"University of Washington SP 2018",2.249999462,2.870588,419.2962963,23.37037037
305,"Not Underrepresented","Female","First-Gen",434.8571429,"University of Washington SP 2019",3.775,3.92,394.2321429,16.82142857
325,"Not Underrepresented","Female","First-Gen",353.3214286,"University of Washington SP 2019",3.010952381,3.39,413.6964286,36.14285714
328,"Not Underrepresented","Female","First-Gen",349.5714286,"University of Washington SP 2019",3.835909091,3.85,346.1071429,98
357,"Not Underrepresented","Female","First-Gen",445.6428571,"University of Washington SP 2019",3.16,3.53,258.5892857,31.17857143
420,"Not Underrepresented","Female","First-Gen",336.0416667,"University of Washington SP 2019",3.156818182,2.9,328.25,57.91666667
421,"Not Underrepresented","Female","First-Gen",416.1785714,"University of Washington SP 2019",3.201111111,3.62,342.125,28.28571429
433,"Not Underrepresented","Female","First-Gen",438.8928571,"University of Washington SP 2019",3.534444444,3.72,379.1785714,24.82142857
455,"Not Underrepresented","Female","First-Gen",373.56,"University of Washington SP 2019",2.605714286,2.57,368.72,73.44
457,"Not Underrepresented","Female","First-Gen",420.9166667,"University of Washington SP 2019",3.482173913,3.33,336.0416667,36.95833333
466,"Underrepresented","Female","First-Gen",385.0357143,"University of Washington SP 2019",3.802083333,3.85,314.7857143,11.39285714
470,"Not Underrepresented","Female","First-Gen",405.2272727,"University of Washington SP 2019",2.9855,1.55,392.3409091,31.59090909
471,"Underrepresented","Female","First-Gen",402.6,"University of Washington SP 2019",3.800454545,3.25,384.86,73.32
473,"Underrepresented","Female","First-Gen",410.1111111,"University of Washington SP 2019",3.662727273,3.35,280.537037,50.37037037
504,"Underrepresented","Female","First-Gen",335.6296296,"University of Washington SP 2019",2.850714286,2.97,377.9259259,41.44444444
517,"Not Underrepresented","Female","First-Gen",511.8,"University of Washington SP 2019",3.24,2.8,392.28,32.12
526,"Not Underrepresented","Female","First-Gen",409.75,"University of Washington SP 2019",3.26,3.52,407.5178571,30
551,"Not Underrepresented","Female","First-Gen",414.7692308,"University of Washington SP 2019",3.426551724,3.37,426.7692308,70.07692308
305,"Underrepresented","Male","First-Gen",346.8095238,"Carnegie Mellon SP 2018",2.37,2.54,541.2619048,78.14285714
322,"Underrepresented","Male","First-Gen",447.3793103,"Carnegie Mellon SP 2018",4,3.81,267.7758621,23.44827586
615,"Not Underrepresented","Male","First-Gen",250.3913043,"Carnegie Mellon SP 2018",3.58,2.55,628.0434783,80.82608696
617,"Underrepresented","Male","First-Gen",320.952381,"Carnegie Mellon SP 2018",4,3.63,471.6666667,18.28571429
48,"Not Underrepresented","Male","First-Gen",329.037037,"University of Washington SP 2018",3.627272545,3.5,389.2222222,50.88888889
60,"Underrepresented","Male","First-Gen",388.1785714,"University of Washington SP 2018",3.629166333,3.466666,372.8571429,69.32142857
90,"Underrepresented","Male","First-Gen",422.6666667,"University of Washington SP 2018",3.434482069,3.483333,285.547619,11.76190476
104,"Underrepresented","Male","First-Gen",405.8461538,"University of Washington SP 2018",3.5249996,3.4,334.9615385,34.69230769
150,"Underrepresented","Male","First-Gen",368.0434783,"University of Washington SP 2018",2.8999996,3.15,382.6304348,48.52173913
154,"Not Underrepresented","Male","First-Gen",402.28,"University of Washington SP 2018",3.3499995,3.76923,404.64,65.28
163,"Not Underrepresented","Male","First-Gen",474.9259259,"University of Washington SP 2018",3.896774032,4,445.4814815,59.07407407
186,"Not Underrepresented","Male","First-Gen",419.4736842,"University of Washington SP 2018",3.925806129,3.888888,373.2631579,51.10526316
196,"Underrepresented","Male","First-Gen",414.2962963,"University of Washington SP 2018",3.58749975,3.65,380.7222222,26.85185185
201,"Not Underrepresented","Male","First-Gen",391.3529412,"University of Washington SP 2018",2.738461154,2.35,396.6176471,36.29411765
206,"Underrepresented","Male","First-Gen",351.4814815,"University of Washington SP 2018",3.681818,3.95,376.3148148,111.1851852
209,"Not Underrepresented","Male","First-Gen",439.7142857,"University of Washington SP 2018",3.608695435,3.73125,280.125,29.85714286
304,"Not Underrepresented","Male","First-Gen",362.2857143,"University of Washington SP 2019",2.9484,2.64,319.5952381,82.57142857
321,"Underrepresented","Male","First-Gen",413.7407407,"University of Washington SP 2019",3.048181818,3.67,432.1851852,44.03703704
337,"Underrepresented","Male","First-Gen",411.6428571,"University of Washington SP 2019",3.455,2.97,445.2321429,37.85714286
398,"Not Underrepresented","Male","First-Gen",446.1785714,"University of Washington SP 2019",3.13,3,364.6071429,84.82142857
400,"Underrepresented","Male","First-Gen",421.7857143,"University of Washington SP 2019",3.0425,3.53,441.1785714,35.67857143
406,"Not Underrepresented","Male","First-Gen",395.3571429,"University of Washington SP 2019",3.7,3.32,373.9821429,34.67857143
415,"Underrepresented","Male","First-Gen",360.75,"University of Washington SP 2019",2.206363636,2.54,374.9642857,51.57142857
434,"Not Underrepresented","Male","First-Gen",438,"University of Washington SP 2019",3.563214286,4,402.1666667,25.88888889
440,"Not Underrepresented","Male","First-Gen",438.4642857,"University of Washington SP 2019",3.818,3.63,313.6785714,30.21428571
443,"Underrepresented","Male","First-Gen",383.7142857,"University of Washington SP 2019",2.961363636,3.45,383.4107143,53.89285714
467,"Underrepresented","Male","First-Gen",438.6428571,"University of Washington SP 2019",3.728181818,3.5,266.75,23.71428571
472,"Underrepresented","Male","First-Gen",404.3928571,"University of Washington SP 2019",2.99625,1.8,332.125,61.07142857
481,"Not Underrepresented","Male","First-Gen",425.7857143,"University of Washington SP 2019",3.735,3.4,350.5892857,29.82142857
488,"Underrepresented","Male","First-Gen",357.3333333,"University of Washington SP 2019",3.149333333,2.5,402,18.22222222
496,"Underrepresented","Male","First-Gen",507.1,"University of Washington SP 2019",3.7075,3.1,322.1,19.85
500,"Underrepresented","Male","First-Gen",447.56,"University of Washington SP 2019",3.4136,3.47,400.04,44.16
521,"Not Underrepresented","Male","First-Gen",386.2,"University of Washington SP 2019",3.456,3.15,337.9,47.8
535,"Not Underrepresented","Male","First-Gen",384.6,"University of Washington SP 2019",3.075,2.46,341.88,58.96
543,"Not Underrepresented","Male","First-Gen",417.1785714,"University of Washington SP 2019",2.617058824,3.35,361.0714286,70.60714286
560,"Underrepresented","Male","First-Gen",509.2857143,"University of Washington SP 2019",3.155769231,3.47,405.1607143,33.46428571
14847,"Not Underrepresented","Female","First-Gen",456.5666667,"Notre Dame University SP 2016",3.333166667,3.666833333,385.4333333,51.03333333
17020,"Underrepresented","Male","First-Gen",429.6071429,"Notre Dame University SP 2016",3.166666667,3.5,425.3392857,59.67857143
18707,"Not Underrepresented","Female","First-Gen",419.9,"Notre Dame University SP 2016",2.9334,3.277833333,310.9,57
51723,"Not Underrepresented","Male","First-Gen",273.9166667,"Notre Dame University SP 2016",2.8002,3.4668,455.75,30.5
72885,"Not Underrepresented","Male","First-Gen",356.8333333,"Notre Dame University SP 2016",3.3334,3.2666,414.4166667,45.76666667
79897,"Not Underrepresented","Female","First-Gen",384.2,"Notre Dame University SP 2016",3.722166667,3.722333333,369.4833333,52.33333333
92566,"Not Underrepresented","Male","First-Gen",327.5185185,"Notre Dame University SP 2016",3.6666,3.809571429,362.2037037,39.74074074
94455,"Not Underrepresented","Male","First-Gen",275.8461538,"Notre Dame University SP 2016",3.055666667,3.333333333,382.0961538,40.84615385
293,"Not Underrepresented","Female","Not First-Gen",370.037037,"Carnegie Mellon SP 2018",4,3.76,500.3333333,11.74074074
294,"Not Underrepresented","Female","Not First-Gen",406.76,"Carnegie Mellon SP 2018",4,3.55,359.48,49.72
297,"Underrepresented","Female","Not First-Gen",253.7647059,"Carnegie Mellon SP 2018",3,3.59,398.2352941,178.4705882
303,"Not Underrepresented","Female","Not First-Gen",411.8518519,"Carnegie Mellon SP 2018",3.8,3.46,532.1111111,26.14814815
304,"Underrepresented","Female","Not First-Gen",408.1111111,"Carnegie Mellon SP 2018",3.17,3.5,354.037037,71.62962963
315,"Not Underrepresented","Female","Not First-Gen",430.125,"Carnegie Mellon SP 2018",4,3.61,471.7083333,19.41666667
321,"Not Underrepresented","Female","Not First-Gen",357.72,"Carnegie Mellon SP 2018",4,3.44,431.52,35.4
333,"Not Underrepresented","Female","Not First-Gen",402.1481481,"Carnegie Mellon SP 2018",3.79,4,444.2777778,52.88888889
337,"Not Underrepresented","Female","Not First-Gen",367.7586207,"Carnegie Mellon SP 2018",3.57,3.81,425.2931034,10.55172414
338,"Not Underrepresented","Female","Not First-Gen",366.4074074,"Carnegie Mellon SP 2018",3.7,3.57,406.2037037,35.62962963
342,"Not Underrepresented","Female","Not First-Gen",455.6153846,"Carnegie Mellon SP 2018",4,4,434.0961538,23.5
343,"Not Underrepresented","Female","Not First-Gen",330.8947368,"Carnegie Mellon SP 2018",2.92,3.12,551.2105263,40.31578947
350,"Not Underrepresented","Female","Not First-Gen",406.7307692,"Carnegie Mellon SP 2018",3.74,3.81,391.3653846,10.96153846
376,"Not Underrepresented","Female","Not First-Gen",455.4285714,"Carnegie Mellon SP 2018",3.48,2.98,308.4821429,26.89285714
378,"Not Underrepresented","Female","Not First-Gen",299.0952381,"Carnegie Mellon SP 2018",4,4,414.952381,28.28571429
379,"Not Underrepresented","Female","Not First-Gen",343.0769231,"Carnegie Mellon SP 2018",3.07,4,493.5192308,24.5
381,"Not Underrepresented","Female","Not First-Gen",398,"Carnegie Mellon SP 2018",4,4,502.7272727,19
390,"Not Underrepresented","Female","Not First-Gen",283.1111111,"Carnegie Mellon SP 2018",3.81,3.56,585.1944444,30.72222222
395,"Not Underrepresented","Female","Not First-Gen",338.6785714,"Carnegie Mellon SP 2018",3.4,3.81,424.4285714,13.89285714
402,"Not Underrepresented","Female","Not First-Gen",427.28,"Carnegie Mellon SP 2018",3.76,3.72,487.52,46.16
412,"Not Underrepresented","Female","Not First-Gen",397.9230769,"Carnegie Mellon SP 2018",3.6,4,374.5769231,58.76923077
413,"Not Underrepresented","Female","Not First-Gen",413.7857143,"Carnegie Mellon SP 2018",3.79,3,408,47.14285714
422,"Not Underrepresented","Female","Not First-Gen",373.88,"Carnegie Mellon SP 2018",3.29,3.28,383.36,34.52
427,"Not Underrepresented","Female","Not First-Gen",452.5333333,"Carnegie Mellon SP 2018",4,4,407.0666667,82.26666667
430,"Not Underrepresented","Female","Not First-Gen",301.3103448,"Carnegie Mellon SP 2018",3.58,3.24,486.2241379,21.17241379
452,"Not Underrepresented","Female","Not First-Gen",394.8275862,"Carnegie Mellon SP 2018",4,4,342.7586207,16
454,"Not Underrepresented","Female","Not First-Gen",384.96,"Carnegie Mellon SP 2018",3.12,3.6,369,57.4
461,"Not Underrepresented","Female","Not First-Gen",424.6785714,"Carnegie Mellon SP 2018",3.81,3.59,373.9464286,8.464285714
463,"Not Underrepresented","Female","Not First-Gen",341.4814815,"Carnegie Mellon SP 2018",3.49,3.6,409.537037,34.2962963
466,"Not Underrepresented","Female","Not First-Gen",349.6315789,"Carnegie Mellon SP 2018",2.65,3.49,540.6052632,36.78947368
473,"Not Underrepresented","Female","Not First-Gen",400.5416667,"Carnegie Mellon SP 2018",3.25,2.49,405.7916667,36.95833333
476,"Not Underrepresented","Female","Not First-Gen",406.75,"Carnegie Mellon SP 2018",3.52,3.45,385.2857143,24.67857143
483,"Not Underrepresented","Female","Not First-Gen",336.1724138,"Carnegie Mellon SP 2018",3.78,3.8,477.0689655,85.79310345
487,"Underrepresented","Female","Not First-Gen",219.875,"Carnegie Mellon SP 2018",2.78,1.5,396.46875,136.1875
489,"Not Underrepresented","Female","Not First-Gen",481.1785714,"Carnegie Mellon SP 2018",4,4,349.1964286,19.10714286
507,"Not Underrepresented","Female","Not First-Gen",428.3684211,"Carnegie Mellon SP 2018",3.69,3.76,361.6052632,7.052631579
522,"Not Underrepresented","Female","Not First-Gen",421.3529412,"Carnegie Mellon SP 2018",4,3.53,453.1470588,17.94117647
525,"Not Underrepresented","Female","Not First-Gen",351.2,"Carnegie Mellon SP 2018",3.55,2.6,476.64,45.4
559,"Not Underrepresented","Female","Not First-Gen",370.4814815,"Carnegie Mellon SP 2018",3.57,3,627.5925926,32.77777778
572,"Not Underrepresented","Female","Not First-Gen",347.8571429,"Carnegie Mellon SP 2018",3.8,3.59,533.1428571,62.38095238
595,"Underrepresented","Female","Not First-Gen",408.2758621,"Carnegie Mellon SP 2018",2.49,2.84,348.6896552,54.4137931
644,"Not Underrepresented","Female","Not First-Gen",415.7692308,"Carnegie Mellon SP 2018",3.17,2.8,432.0192308,64.61538462
671,"Not Underrepresented","Female","Not First-Gen",414.6923077,"Carnegie Mellon SP 2018",3.8,4,424.9230769,18.53846154
4,"Not Underrepresented","Female","Not First-Gen",447.5,"University of Washington SP 2018",3.7666665,3.5,372.3461538,28.15384615
8,"Not Underrepresented","Female","Not First-Gen",456.72,"University of Washington SP 2018",3.5999996,3.127777,364.8,61.56
14,"Not Underrepresented","Female","Not First-Gen",518.5714286,"University of Washington SP 2018",3.533333,3.9,342.9107143,30.53571429
15,"Not Underrepresented","Female","Not First-Gen",493.5714286,"University of Washington SP 2018",3.746153846,3.9,260.2142857,31.75
20,"Not Underrepresented","Female","Not First-Gen",274.1785714,"University of Washington SP 2018",2.882758207,2.75,315.6071429,152.6428571
22,"Not Underrepresented","Female","Not First-Gen",494.3846154,"University of Washington SP 2018",3.15185137,3.1,305.1730769,54.11538462
23,"Not Underrepresented","Female","Not First-Gen",444.8928571,"University of Washington SP 2018",2.915384,2.933333,314.6607143,35.71428571
24,"Not Underrepresented","Female","Not First-Gen",382.1785714,"University of Washington SP 2018",3.451851556,3.8,477.2857143,54.89285714
26,"Not Underrepresented","Female","Not First-Gen",467.1875,"University of Washington SP 2018",2.916666,1.7,392.5,29.75
30,"Not Underrepresented","Female","Not First-Gen",438.7037037,"University of Washington SP 2018",3.33571375,3.933333,405.5555556,41.77777778
31,"Not Underrepresented","Female","Not First-Gen",459.4814815,"University of Washington SP 2018",4,4,281.1481481,14.81481481
35,"Not Underrepresented","Female","Not First-Gen",441.0357143,"University of Washington SP 2018",3.532257903,3.6,345,36.53571429
46,"Not Underrepresented","Female","Not First-Gen",328.8846154,"University of Washington SP 2018",3.651515121,3.344444,497.3269231,88.11538462
51,"Underrepresented","Female","Not First-Gen",362.125,"University of Washington SP 2018",3.757575182,3.833333,508.5,64
55,"Underrepresented","Female","Not First-Gen",255.3703704,"University of Washington SP 2018",3.346428179,2.5,560.9814815,46.44444444
58,"Not Underrepresented","Female","Not First-Gen",511.2592593,"University of Washington SP 2018",3.583333,3.55,320.462963,37.92592593
62,"Underrepresented","Female","Not First-Gen",422.2727273,"University of Washington SP 2018",3.7799996,3.266666,640.2272727,54.59090909
64,"Not Underrepresented","Female","Not First-Gen",442,"University of Washington SP 2018",3.8166665,3.933333,404.05,34.75
67,"Not Underrepresented","Female","Not First-Gen",402.5925926,"University of Washington SP 2018",3.912902516,3.85,342.3333333,18.81481481
68,"Underrepresented","Female","Not First-Gen",430.1428571,"University of Washington SP 2018",3.528571429,3.653846,317.75,24.78571429
69,"Underrepresented","Female","Not First-Gen",328.1666667,"University of Washington SP 2018",2.939285286,1.7,430.875,17.08333333
73,"Not Underrepresented","Female","Not First-Gen",418.1666667,"University of Washington SP 2018",4,3.972727,325.25,18.22222222
74,"Not Underrepresented","Female","Not First-Gen",432.1851852,"University of Washington SP 2018",3.6999995,3.623076,478.0925926,41.55555556
75,"Not Underrepresented","Female","Not First-Gen",487.4642857,"University of Washington SP 2018",3.82,3.66923,305.9464286,36.92857143
87,"Not Underrepresented","Female","Not First-Gen",408.75,"University of Washington SP 2018",3.749999643,3.875,297.3928571,18.92857143
91,"Not Underrepresented","Female","Not First-Gen",369.5357143,"University of Washington SP 2018",3.818749563,3.752941,358.4285714,67.57142857
92,"Not Underrepresented","Female","Not First-Gen",485.7142857,"University of Washington SP 2018",3.077418968,3.230769,314.2857143,27.42857143
93,"Not Underrepresented","Female","Not First-Gen",485.1666667,"University of Washington SP 2018",3.856521391,3.95,497,114
102,"Underrepresented","Female","Not First-Gen",497.3571429,"University of Washington SP 2018",2.603447931,3.9,507.9285714,50.07142857
103,"Not Underrepresented","Female","Not First-Gen",383.6666667,"University of Washington SP 2018",3.913792345,4,327.125,6.625
106,"Underrepresented","Female","Not First-Gen",291.4545455,"University of Washington SP 2018",3.45999992,3.566666,605.8636364,44.27272727
109,"Not Underrepresented","Female","Not First-Gen",371.0769231,"University of Washington SP 2018",3.315151182,3.721428,330.9615385,51.03846154
111,"Underrepresented","Female","Not First-Gen",454.7058824,"University of Washington SP 2018",3.2799998,3.5,450.2058824,46.17647059
113,"Underrepresented","Female","Not First-Gen",355.8214286,"University of Washington SP 2018",3.3799998,3.5,409.2857143,59.25
115,"Not Underrepresented","Female","Not First-Gen",380.1666667,"University of Washington SP 2018",3.4156245,3.233333,724.6666667,9.166666667
116,"Not Underrepresented","Female","Not First-Gen",423.4666667,"University of Washington SP 2018",3.675,3.538461,320.9333333,90
118,"Not Underrepresented","Female","Not First-Gen",387.0434783,"University of Washington SP 2018",3.43999985,3.5,298.9782609,17.82608696
122,"Not Underrepresented","Female","Not First-Gen",482.6,"University of Washington SP 2018",3.326086652,3.033333,416.3,44.2
124,"Underrepresented","Female","Not First-Gen",418.7,"University of Washington SP 2018",3.111110778,3.2,368.9,48.7
126,"Not Underrepresented","Female","Not First-Gen",408.48,"University of Washington SP 2018",3.8799998,3.961538,320.44,90.44
127,"Underrepresented","Female","Not First-Gen",359.2307692,"University of Washington SP 2018",3.621739,3.592307,345.7307692,39.23076923
128,"Not Underrepresented","Female","Not First-Gen",412.3,"University of Washington SP 2018",3.8666665,3.966666,283.05,15.8
130,"Not Underrepresented","Female","Not First-Gen",511.6071429,"University of Washington SP 2018",3.916666,3.9,264.4642857,29.67857143
136,"Not Underrepresented","Female","Not First-Gen",458,"University of Washington SP 2018",3.7,3.933333,363.4642857,27.25
141,"Not Underrepresented","Female","Not First-Gen",451.84,"University of Washington SP 2018",3.333332556,2.533333,316.18,51.88
146,"Not Underrepresented","Female","Not First-Gen",392.5185185,"University of Washington SP 2018",3.955172,3.964285,359.1296296,39.44444444
153,"Not Underrepresented","Female","Not First-Gen",393.1071429,"University of Washington SP 2018",3.579999833,3.966666,319.625,23.21428571
155,"Not Underrepresented","Female","Not First-Gen",406.7142857,"University of Washington SP 2018",3.913792862,3.952941,398.9285714,22.64285714
157,"Not Underrepresented","Female","Not First-Gen",361.8214286,"University of Washington SP 2018",3.458620069,3.55,471.25,29.92857143
158,"Not Underrepresented","Female","Not First-Gen",364.8846154,"University of Washington SP 2018",3.090624375,2.9,326.9230769,67.19230769
165,"Not Underrepresented","Female","Not First-Gen",436.36,"University of Washington SP 2018",3.725806129,3.733333,355.94,57.72
166,"Not Underrepresented","Female","Not First-Gen",432.5714286,"University of Washington SP 2018",3.892856357,3.833333,333.3928571,27.35714286
167,"Not Underrepresented","Female","Not First-Gen",399.35,"University of Washington SP 2018",3.72,3.566666,425.075,87.1
170,"Not Underrepresented","Female","Not First-Gen",487.0714286,"University of Washington SP 2018",3.7999995,3.766666,282.4821429,42.07142857
171,"Not Underrepresented","Female","Not First-Gen",460.5384615,"University of Washington SP 2018",3.316666,3.233333,335.1923077,19.92307692
175,"Not Underrepresented","Female","Not First-Gen",413.6785714,"University of Washington SP 2018",3.7499995,3.744444,376.9107143,12.35714286
179,"Not Underrepresented","Female","Not First-Gen",430.4642857,"University of Washington SP 2018",4,3.966666,296.4464286,34.96428571
180,"Underrepresented","Female","Not First-Gen",447.8846154,"University of Washington SP 2018",2.637930517,3.483333,315.0961538,36.26923077
188,"Not Underrepresented","Female","Not First-Gen",435.1785714,"University of Washington SP 2018",3.645454394,3.83125,319.7857143,30.39285714
191,"Underrepresented","Female","Not First-Gen",388.9642857,"University of Washington SP 2018",3.299999586,3.4,384.3214286,40.92857143
193,"Not Underrepresented","Female","Not First-Gen",374.4444444,"University of Washington SP 2018",3.910714143,3.8,381.4259259,43.74074074
195,"Not Underrepresented","Female","Not First-Gen",404.375,"University of Washington SP 2018",2.608695217,2.866666,327.1875,59.5
198,"Not Underrepresented","Female","Not First-Gen",435.4347826,"University of Washington SP 2018",3.1999995,2.9,433.9782609,20.86956522
199,"Not Underrepresented","Female","Not First-Gen",437.1363636,"University of Washington SP 2018",3.08,3.633333,318.3863636,25
306,"Not Underrepresented","Female","Not First-Gen",421.6428571,"University of Washington SP 2019",3.865,3.87,355.7142857,29.28571429
307,"Not Underrepresented","Female","Not First-Gen",434.1666667,"University of Washington SP 2019",3.458,3.29,322.625,26.04166667
312,"Not Underrepresented","Female","Not First-Gen",390.0416667,"University of Washington SP 2019",3.2928125,3.76,335.1041667,43.875
323,"Not Underrepresented","Female","Not First-Gen",406.4583333,"University of Washington SP 2019",2.958275862,2.8,464.8333333,23.58333333
324,"Not Underrepresented","Female","Not First-Gen",460.173913,"University of Washington SP 2019",2.625,3,424.7826087,34.82608696
331,"Not Underrepresented","Female","Not First-Gen",414.3913043,"University of Washington SP 2019",3.05,3.25,385.9782609,43.95652174
335,"Not Underrepresented","Female","Not First-Gen",357.2142857,"University of Washington SP 2019",2.822222222,2.68,412.2321429,31.78571429
338,"Not Underrepresented","Female","Not First-Gen",412.6153846,"University of Washington SP 2019",3.695517241,3.84,356.0769231,13.26923077
339,"Not Underrepresented","Female","Not First-Gen",485.1481481,"University of Washington SP 2019",3.702,3.79,330.1481481,28.62962963
340,"Not Underrepresented","Female","Not First-Gen",478.1666667,"University of Washington SP 2019",2.865,3.51,369.4166667,57.5
348,"Not Underrepresented","Female","Not First-Gen",456,"University of Washington SP 2019",3.078888889,3.35,247.0714286,33.71428571
351,"Not Underrepresented","Female","Not First-Gen",432.9285714,"University of Washington SP 2019",3.405,3.04,415.6964286,42.25
352,"Underrepresented","Female","Not First-Gen",402.12,"University of Washington SP 2019",3.688928571,3.89,544.1,53.92
354,"Not Underrepresented","Female","Not First-Gen",371.2222222,"University of Washington SP 2019",3.823235294,3.95,294.1851852,51.2962963
355,"Not Underrepresented","Female","Not First-Gen",323.4285714,"University of Washington SP 2019",3.57,3.63,340.625,23.46428571
356,"Not Underrepresented","Female","Not First-Gen",428.25,"University of Washington SP 2019",3.726206897,3.59,292.1071429,33.82142857
360,"Not Underrepresented","Female","Not First-Gen",349.3928571,"University of Washington SP 2019",2.98,3.07,423.4642857,64.85714286
363,"Not Underrepresented","Female","Not First-Gen",435.6428571,"University of Washington SP 2019",3.775,3.7,308.6071429,35.64285714
364,"Not Underrepresented","Female","Not First-Gen",449.3636364,"University of Washington SP 2019",3.500967742,3.47,315.5454545,49.81818182
365,"Not Underrepresented","Female","Not First-Gen",387.9285714,"University of Washington SP 2019",2.947142857,3.33,456.5,79.39285714
366,"Underrepresented","Female","Not First-Gen",486.6363636,"University of Washington SP 2019",3.0975,3.3,328.3863636,64.90909091
369,"Not Underrepresented","Female","Not First-Gen",437.1851852,"University of Washington SP 2019",3.803333333,3.76,347.6481481,27.37037037
373,"Not Underrepresented","Female","Not First-Gen",409.4814815,"University of Washington SP 2019",3.155454545,3.41,308.4444444,36.81481481
378,"Not Underrepresented","Female","Not First-Gen",456,"University of Washington SP 2019",3.88,3.78,307.1296296,39.77777778
380,"Not Underrepresented","Female","Not First-Gen",412.7692308,"University of Washington SP 2019",3.259655172,3.23,322.1346154,30.15384615
386,"Not Underrepresented","Female","Not First-Gen",372.2857143,"University of Washington SP 2019",3.917419355,4,372.2857143,53.42857143
394,"Not Underrepresented","Female","Not First-Gen",462.4285714,"University of Washington SP 2019",3.71,3.45,299.8214286,25.17857143
399,"Underrepresented","Female","Not First-Gen",433.1111111,"University of Washington SP 2019",3.730625,3.95,460.8703704,56.55555556
401,"Not Underrepresented","Female","Not First-Gen",436.9285714,"University of Washington SP 2019",3.57,3.49,413.4464286,50.25
405,"Not Underrepresented","Female","Not First-Gen",388.8928571,"University of Washington SP 2019",3.240625,3.59,345,37.82142857
407,"Not Underrepresented","Female","Not First-Gen",428.8823529,"University of Washington SP 2019",3.665862069,3.7,404.1470588,50.41176471
413,"Not Underrepresented","Female","Not First-Gen",378.9130435,"University of Washington SP 2019",3.32037037,3.13,463.6304348,31.04347826
418,"Not Underrepresented","Female","Not First-Gen",396.6470588,"University of Washington SP 2019",3.78,3.8,407.8529412,35.41176471
422,"Underrepresented","Female","Not First-Gen",478.52,"University of Washington SP 2019",2.830833333,3.08,429.14,61.24
435,"Not Underrepresented","Female","Not First-Gen",417.2307692,"University of Washington SP 2019",3.315,3.53,457.8076923,42.11538462
439,"Not Underrepresented","Female","Not First-Gen",370.6785714,"University of Washington SP 2019",3.653703704,3.3,367.6071429,16.82142857
448,"Not Underrepresented","Female","Not First-Gen",417.8846154,"University of Washington SP 2019",4,3.97,514,51.03846154
454,"Not Underrepresented","Female","Not First-Gen",365,"University of Washington SP 2019",3.25,3.27,374.25,47.35714286
458,"Not Underrepresented","Female","Not First-Gen",451.962963,"University of Washington SP 2019",3.215,2.99,352.3518519,64.33333333
465,"Underrepresented","Female","Not First-Gen",432.9230769,"University of Washington SP 2019",3.390357143,3.37,420.3076923,28.23076923
469,"Not Underrepresented","Female","Not First-Gen",388.7407407,"University of Washington SP 2019",3.958857143,3.94,360,37.11111111
485,"Not Underrepresented","Female","Not First-Gen",367.4444444,"University of Washington SP 2019",2.9,3,344.1111111,70.88888889
490,"Not Underrepresented","Female","Not First-Gen",459.6071429,"University of Washington SP 2019",2.998,3.4,352.6785714,31.57142857
494,"Not Underrepresented","Female","Not First-Gen",411.5,"University of Washington SP 2019",3.724117647,3.86,440.75,35.08333333
499,"Underrepresented","Female","Not First-Gen",413.52,"University of Washington SP 2019",3.946428571,3.93,440.96,38.36
503,"Not Underrepresented","Female","Not First-Gen",402.9259259,"University of Washington SP 2019",3.492258065,2.94,305.4814815,38.03703704
506,"Not Underrepresented","Female","Not First-Gen",352.8148148,"University of Washington SP 2019",3.657272727,3.3,419.3333333,79.07407407
509,"Not Underrepresented","Female","Not First-Gen",349.5714286,"University of Washington SP 2019",3.635,3.83,354.875,100.2857143
510,"Not Underrepresented","Female","Not First-Gen",368.2272727,"University of Washington SP 2019",2.83,2.67,351.4090909,36.22727273
511,"Not Underrepresented","Female","Not First-Gen",410.5714286,"University of Washington SP 2019",3.862592593,3.8,400.5952381,18.9047619
513,"Not Underrepresented","Female","Not First-Gen",449.56,"University of Washington SP 2019",3.611,3.09,351.44,15.64
523,"Not Underrepresented","Female","Not First-Gen",392.7857143,"University of Washington SP 2019",3.385,2.77,285.7321429,46.32142857
534,"Not Underrepresented","Female","Not First-Gen",393.4230769,"University of Washington SP 2019",3.052727273,3,364.1923077,34.46153846
541,"Not Underrepresented","Female","Not First-Gen",382.75,"University of Washington SP 2019",3.154482759,3.28,504.2857143,48.35714286
547,"Not Underrepresented","Female","Not First-Gen",369.2692308,"University of Washington SP 2019",3.139259259,3.14,322.3269231,37.15384615
557,"Underrepresented","Female","Not First-Gen",391.9259259,"University of Washington SP 2019",2.799130435,2.86,368.1481481,45.59259259
559,"Not Underrepresented","Female","Not First-Gen",399.1071429,"University of Washington SP 2019",3.680625,3.17,446.2321429,51.71428571
562,"Not Underrepresented","Female","Not First-Gen",298.3333333,"University of Washington SP 2019",3.88,3.52,584.6666667,6.555555556
564,"Underrepresented","Female","Not First-Gen",407.3846154,"University of Washington SP 2019",3.601034483,3.63,415.0192308,49.07692308
567,"Underrepresented","Female","Not First-Gen",436.3181818,"University of Washington SP 2019",3.948275862,3.91,433.7727273,24.09090909
570,"Not Underrepresented","Female","Not First-Gen",403.4814815,"University of Washington SP 2019",3.363703704,3.01,427.3888889,35.51851852
571,"Not Underrepresented","Female","Not First-Gen",435.3461538,"University of Washington SP 2019",3.625454545,3.49,427.1346154,40.42307692
306,"Not Underrepresented","Male","Not First-Gen",339.9545455,"Carnegie Mellon SP 2018",3.4,3.5,492.4545455,42.5
308,"Underrepresented","Male","Not First-Gen",414.3333333,"Carnegie Mellon SP 2018",2.53,2.4,467.3333333,38
314,"Not Underrepresented","Male","Not First-Gen",381.2142857,"Carnegie Mellon SP 2018",2.79,3.37,446.8214286,34.67857143
360,"Not Underrepresented","Male","Not First-Gen",350.6956522,"Carnegie Mellon SP 2018",3.29,3.39,349.3695652,32.04347826
361,"Not Underrepresented","Male","Not First-Gen",357.7272727,"Carnegie Mellon SP 2018",3.59,3.38,451.5227273,30.86363636
380,"Not Underrepresented","Male","Not First-Gen",376.5862069,"Carnegie Mellon SP 2018",3.48,3.46,473.4827586,6.24137931
383,"Not Underrepresented","Male","Not First-Gen",411.8333333,"Carnegie Mellon SP 2018",3.77,3.57,459.0416667,55.41666667
386,"Not Underrepresented","Male","Not First-Gen",422.137931,"Carnegie Mellon SP 2018",3.22,3.58,402.1724138,72.31034483
394,"Not Underrepresented","Male","Not First-Gen",425.3448276,"Carnegie Mellon SP 2018",3.74,3.81,375.1724138,52.93103448
396,"Not Underrepresented","Male","Not First-Gen",362.0952381,"Carnegie Mellon SP 2018",3.8,3.61,415.0238095,31.0952381
419,"Not Underrepresented","Male","Not First-Gen",340,"Carnegie Mellon SP 2018",3.56,3.59,489.1851852,25.07407407
432,"Not Underrepresented","Male","Not First-Gen",263.5294118,"Carnegie Mellon SP 2018",3.21,3.05,533.1470588,42.29411765
453,"Not Underrepresented","Male","Not First-Gen",283.3333333,"Carnegie Mellon SP 2018",3.6,2.18,669.7333333,40.46666667
479,"Not Underrepresented","Male","Not First-Gen",408.3214286,"Carnegie Mellon SP 2018",2.86,3.78,411.4107143,22.67857143
506,"Not Underrepresented","Male","Not First-Gen",411.7241379,"Carnegie Mellon SP 2018",4,4,335.6896552,10.82758621
541,"Not Underrepresented","Male","Not First-Gen",393.2857143,"Carnegie Mellon SP 2018",4,4,401.8392857,36.46428571
551,"Not Underrepresented","Male","Not First-Gen",431.3448276,"Carnegie Mellon SP 2018",4,3.42,445.637931,35.79310345
563,"Not Underrepresented","Male","Not First-Gen",427.7857143,"Carnegie Mellon SP 2018",4,4,401.0714286,67.89285714
577,"Not Underrepresented","Male","Not First-Gen",393.72,"Carnegie Mellon SP 2018",3.78,3.81,393.32,52.8
581,"Not Underrepresented","Male","Not First-Gen",397.962963,"Carnegie Mellon SP 2018",3.56,4,411.037037,39.22222222
586,"Not Underrepresented","Male","Not First-Gen",427.1052632,"Carnegie Mellon SP 2018",3.8,4,457.3157895,28.52631579
609,"Not Underrepresented","Male","Not First-Gen",421.4736842,"Carnegie Mellon SP 2018",3.77,3.79,330.5526316,25.68421053
613,"Not Underrepresented","Male","Not First-Gen",388.4090909,"Carnegie Mellon SP 2018",4,4,398.9318182,44.18181818
631,"Not Underrepresented","Male","Not First-Gen",428.5,"Carnegie Mellon SP 2018",2.36,2.79,477.8571429,32.60714286
662,"Underrepresented","Male","Not First-Gen",457.3703704,"Carnegie Mellon SP 2018",1.7,2.47,535.4444444,30.92592593
665,"Not Underrepresented","Male","Not First-Gen",405.3846154,"Carnegie Mellon SP 2018",3.52,3.57,442.7307692,40.07692308
670,"Not Underrepresented","Male","Not First-Gen",413.1071429,"Carnegie Mellon SP 2018",3,3.53,407.5178571,44.32142857
1,"Not Underrepresented","Male","Not First-Gen",445.24,"University of Washington SP 2018",3.196295815,3.9,425.78,67.48
10,"Not Underrepresented","Male","Not First-Gen",361.8095238,"University of Washington SP 2018",3.9230765,4,289.9047619,49.28571429
12,"Not Underrepresented","Male","Not First-Gen",370.5,"University of Washington SP 2018",3.555172069,3.56923,390.2083333,26.125
13,"Not Underrepresented","Male","Not First-Gen",404.8,"University of Washington SP 2018",3.592856464,3.533333,406.08,103.08
28,"Not Underrepresented","Male","Not First-Gen",439.2142857,"University of Washington SP 2018",3.744827034,3.838461,326.6964286,48.60714286
38,"Not Underrepresented","Male","Not First-Gen",433.25,"University of Washington SP 2018",3.883333,3.9,417.525,72.05
39,"Not Underrepresented","Male","Not First-Gen",371.1071429,"University of Washington SP 2018",3.466666182,3.608333,493.0714286,25.78571429
45,"Not Underrepresented","Male","Not First-Gen",348.962963,"University of Washington SP 2018",3.96,3.766666,330.7962963,53.07407407
47,"Not Underrepresented","Male","Not First-Gen",337.3928571,"University of Washington SP 2018",3.8666665,3.566666,437.75,84.96428571
49,"Not Underrepresented","Male","Not First-Gen",400.25,"University of Washington SP 2018",3.396551241,3.563636,536.6875,68.5
54,"Not Underrepresented","Male","Not First-Gen",399.5238095,"University of Washington SP 2018",3.082757931,2.477777,573.5714286,76.38095238
57,"Not Underrepresented","Male","Not First-Gen",438.75,"University of Washington SP 2018",3.2,3.038461,370.5625,42.70833333
76,"Not Underrepresented","Male","Not First-Gen",434.3333333,"University of Washington SP 2018",3.686206552,3.335714,351.6296296,41.7037037
88,"Not Underrepresented","Male","Not First-Gen",436.3846154,"University of Washington SP 2018",3.54074037,3.233333,394.0769231,64.19230769
95,"Not Underrepresented","Male","Not First-Gen",496.8461538,"University of Washington SP 2018",3.9041665,3.9,300.0192308,19.07692308
97,"Underrepresented","Male","Not First-Gen",389.7407407,"University of Washington SP 2018",3.693102931,3.533333,355.7407407,25.62962963
99,"Not Underrepresented","Male","Not First-Gen",400.0384615,"University of Washington SP 2018",3.590624313,3.366666,385.3846154,47.5
120,"Not Underrepresented","Male","Not First-Gen",408,"University of Washington SP 2018",2.611110667,3.464285,400.5714286,26.71428571
138,"Not Underrepresented","Male","Not First-Gen",386.0769231,"University of Washington SP 2018",3.7730765,3.866666,540.0769231,22.38461538
140,"Not Underrepresented","Male","Not First-Gen",441.9285714,"University of Washington SP 2018",3.803333,3.944444,373.5357143,23.07142857
143,"Not Underrepresented","Male","Not First-Gen",449.2,"University of Washington SP 2018",3.986842105,3.916666,381,36.7
145,"Not Underrepresented","Male","Not First-Gen",423.6923077,"University of Washington SP 2018",3.239130435,3.633333,490.6730769,31.92307692
156,"Not Underrepresented","Male","Not First-Gen",346.7142857,"University of Washington SP 2018",3.609374969,3.441176,435.2678571,60.82142857
159,"Underrepresented","Male","Not First-Gen",287.8571429,"University of Washington SP 2018",3.421428286,2.91875,456.4285714,104.4285714
160,"Not Underrepresented","Male","Not First-Gen",455.6,"University of Washington SP 2018",3.709090818,3.442857,437.7333333,18.26666667
178,"Not Underrepresented","Male","Not First-Gen",329.4117647,"University of Washington SP 2018",3.269999433,2.894444,600.0294118,39.64705882
181,"Not Underrepresented","Male","Not First-Gen",368.6666667,"University of Washington SP 2018",2.8999996,3.266666,537.6666667,88.76190476
183,"Not Underrepresented","Male","Not First-Gen",353.6538462,"University of Washington SP 2018",3.880645161,4,476.2692308,52.61538462
184,"Not Underrepresented","Male","Not First-Gen",388.7857143,"University of Washington SP 2018",3.8799996,3.666666,367.3571429,46
194,"Not Underrepresented","Male","Not First-Gen",485.8571429,"University of Washington SP 2018",3.5299995,3.733333,425.1428571,19.85714286
197,"Underrepresented","Male","Not First-Gen",404,"University of Washington SP 2018",2.983333,2.933333,430.3666667,63.66666667
202,"Not Underrepresented","Male","Not First-Gen",393.5,"University of Washington SP 2018",3.886206586,3.866666,647.75,56.7
205,"Not Underrepresented","Male","Not First-Gen",475.2962963,"University of Washington SP 2018",3.7999995,3.766666,307.2222222,49.88888889
313,"Not Underrepresented","Male","Not First-Gen",383.9642857,"University of Washington SP 2019",2.92,3.52,323.3035714,17.39285714
320,"Not Underrepresented","Male","Not First-Gen",420.2962963,"University of Washington SP 2019",3.335,3.63,393.1296296,26.51851852
347,"Not Underrepresented","Male","Not First-Gen",418.5357143,"University of Washington SP 2019",3.816896552,3.67,327.3571429,35.64285714
353,"Not Underrepresented","Male","Not First-Gen",401.88,"University of Washington SP 2019",2.827857143,3,372.12,43.96
370,"Not Underrepresented","Male","Not First-Gen",366.3846154,"University of Washington SP 2019",3.315,3.9,380.6730769,71.07692308
372,"Not Underrepresented","Male","Not First-Gen",466.6363636,"University of Washington SP 2019",3.428333333,3.28,275.1363636,59.59090909
374,"Not Underrepresented","Male","Not First-Gen",533.2142857,"University of Washington SP 2019",3.938,3.8,291.4821429,10.39285714
376,"Not Underrepresented","Male","Not First-Gen",363.2857143,"University of Washington SP 2019",3.267272727,3.84,341.3928571,70.17857143
385,"Not Underrepresented","Male","Not First-Gen",497.8888889,"University of Washington SP 2019",3.33,3.59,434.037037,22.33333333
388,"Not Underrepresented","Male","Not First-Gen",402.3214286,"University of Washington SP 2019",3.75862069,3.43,356.2678571,44.14285714
390,"Not Underrepresented","Male","Not First-Gen",433.28,"University of Washington SP 2019",2.498235294,3.83,493,42.08
391,"Not Underrepresented","Male","Not First-Gen",401.037037,"University of Washington SP 2019",3.788181818,3.91,340.7407407,32.55555556
392,"Not Underrepresented","Male","Not First-Gen",359.3928571,"University of Washington SP 2019",3.720645161,3.77,395.4464286,57.32142857
403,"Not Underrepresented","Male","Not First-Gen",508.8846154,"University of Washington SP 2019",3.546363636,3.46,269.0576923,15.38461538
404,"Not Underrepresented","Male","Not First-Gen",336.3703704,"University of Washington SP 2019",2.538947368,1.96,434.6666667,110.5925926
411,"Underrepresented","Male","Not First-Gen",336.3928571,"University of Washington SP 2019",3.03,2,380.5535714,33.17857143
427,"Not Underrepresented","Male","Not First-Gen",194.7826087,"University of Washington SP 2019",2.947272727,1.07,330.0869565,292.3043478
432,"Not Underrepresented","Male","Not First-Gen",371.5714286,"University of Washington SP 2019",3.2525,3.93,442,25.42857143
442,"Not Underrepresented","Male","Not First-Gen",387.4642857,"University of Washington SP 2019",3.673448276,4,338.2321429,33.10714286
445,"Not Underrepresented","Male","Not First-Gen",397.25,"University of Washington SP 2019",3.348181818,3.71,360.3571429,68.46428571
456,"Not Underrepresented","Male","Not First-Gen",466.9642857,"University of Washington SP 2019",3.925454545,4,312.4821429,11.85714286
474,"Underrepresented","Male","Not First-Gen",350.8148148,"University of Washington SP 2019",3.092333333,2.26,494.2222222,117.037037
489,"Not Underrepresented","Male","Not First-Gen",466.2592593,"University of Washington SP 2019",3.46,3.37,327.0555556,19.92592593
491,"Underrepresented","Male","Not First-Gen",337.5,"University of Washington SP 2019",3.40875,3.11,447.96875,21.8125
502,"Underrepresented","Male","Not First-Gen",463.1,"University of Washington SP 2019",3.3,2.87,386.2,37.6
505,"Not Underrepresented","Male","Not First-Gen",461.0714286,"University of Washington SP 2019",4,4,296.625,20.03571429
512,"Not Underrepresented","Male","Not First-Gen",436.25,"University of Washington SP 2019",3.295882353,3.33,319.475,20.8
516,"Not Underrepresented","Male","Not First-Gen",451.0714286,"University of Washington SP 2019",3.625714286,3.54,306.2142857,29.75
524,"Not Underrepresented","Male","Not First-Gen",391.8928571,"University of Washington SP 2019",3.875555556,3.87,375.8035714,40.82142857
525,"Not Underrepresented","Male","Not First-Gen",335.2592593,"University of Washington SP 2019",1.587692308,0.35,528.3333333,83.40740741
542,"Underrepresented","Male","Not First-Gen",426.5,"University of Washington SP 2019",3.165,3.33,468.1785714,67.28571429
544,"Not Underrepresented","Male","Not First-Gen",452.56,"University of Washington SP 2019",3.223703704,3.5,400.36,93.44
546,"Not Underrepresented","Male","Not First-Gen",414.6153846,"University of Washington SP 2019",3.670689655,3.62,348.5576923,34.69230769
549,"Underrepresented","Male","Not First-Gen",403.4444444,"University of Washington SP 2019",3.324347826,3.46,337.4074074,63.96296296
550,"Not Underrepresented","Male","Not First-Gen",399.1071429,"University of Washington SP 2019",3.553214286,3.54,366.6785714,47.78571429
552,"Not Underrepresented","Male","Not First-Gen",429.2307692,"University of Washington SP 2019",3.713928571,3.19,405.0961538,45.57692308
561,"Not Underrepresented","Male","Not First-Gen",445.2692308,"University of Washington SP 2019",3.5353125,2.97,382.5576923,25.15384615
569,"Not Underrepresented","Male","Not First-Gen",388,"University of Washington SP 2019",3.1625,3.71,321.65,41.1
10237,"Not Underrepresented","Female","Not First-Gen",427.8571429,"Notre Dame University SP 2016",3.111,3.333166667,309.5535714,56.96428571
11002,"Not Underrepresented","Male","Not First-Gen",371.5517241,"Notre Dame University SP 2016",3.904857143,3.952428571,408.9655172,29.79310345
13486,"Not Underrepresented","Male","Not First-Gen",401.9666667,"Notre Dame University SP 2016",3.277666667,3.611166667,454.45,76
14279,"Not Underrepresented","Female","Not First-Gen",427.3333333,"Notre Dame University SP 2016",3.777833333,3.722166667,337.8666667,48.3
14571,"Underrepresented","Male","Not First-Gen",440.2142857,"Notre Dame University SP 2016",3.333428571,3.3335,383.4285714,30.75
14737,"Not Underrepresented","Male","Not First-Gen",306,"Notre Dame University SP 2016",3.666833333,3.777833333,460.1346154,49.30769231
15134,"Not Underrepresented","Female","Not First-Gen",350.95,"Notre Dame University SP 2016",3.6666,3.5555,362.025,54.35
17308,"Underrepresented","Female","Not First-Gen",412.5,"Notre Dame University SP 2016",3.761857143,3.714428571,353.05,21.63333333
17932,"Not Underrepresented","Male","Not First-Gen",415.36,"Notre Dame University SP 2016",3.833333333,3.833333333,417.06,36.12
19245,"Not Underrepresented","Male","Not First-Gen",279.1724138,"Notre Dame University SP 2016",3.777666667,3.9445,471.5517241,122.7931034
19735,"Underrepresented","Male","Not First-Gen",381.8333333,"Notre Dame University SP 2016",3.5555,3.7334,372.55,64.93333333
21090,"Not Underrepresented","Female","Not First-Gen",425.1034483,"Notre Dame University SP 2016",3.9445,3.9445,396.1724138,11.68965517
21887,"Not Underrepresented","Male","Not First-Gen",460.6896552,"Notre Dame University SP 2016",3.611166667,3.9445,448.137931,72.24137931
21932,"Not Underrepresented","Male","Not First-Gen",357.4333333,"Notre Dame University SP 2016",3.9445,4,394.45,127.9
22138,"Not Underrepresented","Male","Not First-Gen",427.8,"Notre Dame University SP 2016",3.666714286,3.91675,337.1,34.5
22408,"Not Underrepresented","Male","Not First-Gen",383.9230769,"Notre Dame University SP 2016",3.777833333,3.888833333,402.5576923,18.38461538
22688,"Not Underrepresented","Male","Not First-Gen",393.4666667,"Notre Dame University SP 2016",3.888833333,3.9445,346.2833333,68.43333333
22842,"Not Underrepresented","Male","Not First-Gen",405.3,"Notre Dame University SP 2016",3.3334,2.833333333,463.2,97.36666667
23270,"Not Underrepresented","Female","Not First-Gen",449.0344828,"Notre Dame University SP 2016",3.9445,3.904714286,305.3103448,18.65517241
23518,"Not Underrepresented","Female","Not First-Gen",372.12,"Notre Dame University SP 2016",3.1336,3.4445,457.86,40.12
24883,"Not Underrepresented","Male","Not First-Gen",399.6896552,"Notre Dame University SP 2016",4,3.889,404.8275862,38.65517241
25197,"Not Underrepresented","Male","Not First-Gen",377.9666667,"Notre Dame University SP 2016",3.9445,3.888833333,383.8,13.8
25548,"Not Underrepresented","Male","Not First-Gen",426.0344828,"Notre Dame University SP 2016",3.9445,3.889,351.137931,35.93103448
26272,"Not Underrepresented","Female","Not First-Gen",304,"Notre Dame University SP 2016",3.904857143,3.476142857,544.125,49.20833333
26320,"Not Underrepresented","Female","Not First-Gen",382.3666667,"Notre Dame University SP 2016",3.4445,3.777833333,405.1333333,50.7
26858,"Not Underrepresented","Female","Not First-Gen",397.7666667,"Notre Dame University SP 2016",3.5,3.666666667,318.2833333,25.6
27306,"Not Underrepresented","Female","Not First-Gen",374.1052632,"Notre Dame University SP 2016",3.0666,3.4668,394.1052632,44.78947368
28327,"Not Underrepresented","Female","Not First-Gen",332.6666667,"Notre Dame University SP 2016",3.833333333,3.666666667,465.1666667,39.83333333
28653,"Not Underrepresented","Male","Not First-Gen",413.6206897,"Notre Dame University SP 2016",3.888833333,3.722333333,341.3793103,54.44827586
29257,"Underrepresented","Male","Not First-Gen",369.9310345,"Notre Dame University SP 2016",3.619142857,3.809571429,402.6551724,18.55172414
29885,"Not Underrepresented","Male","Not First-Gen",393.4137931,"Notre Dame University SP 2016",3.111166667,3.500166667,361.3448276,29.86206897
30152,"Not Underrepresented","Female","Not First-Gen",324.0952381,"Notre Dame University SP 2016",3.389,3.7334,482.2619048,64.38095238
30453,"Underrepresented","Female","Not First-Gen",282.625,"Notre Dame University SP 2016",3.222,3.611,497.125,100.875
31294,"Not Underrepresented","Female","Not First-Gen",411.6428571,"Notre Dame University SP 2016",3.9445,3.888833333,349.6964286,7.178571429
33657,"Underrepresented","Female","Not First-Gen",353.1666667,"Notre Dame University SP 2016",3.4002,3.0555,352.95,82.13333333
33740,"Underrepresented","Female","Not First-Gen",419.5882353,"Notre Dame University SP 2016",3.428428571,3.5334,497.2647059,86.47058824
33785,"Not Underrepresented","Male","Not First-Gen",412.9310345,"Notre Dame University SP 2016",3.555666667,3.4445,335.9310345,54.17241379
34062,"Not Underrepresented","Female","Not First-Gen",375,"Notre Dame University SP 2016",3.5,3.555666667,340.16,79.08
34467,"Not Underrepresented","Female","Not First-Gen",410.7777778,"Notre Dame University SP 2016",4,3.952428571,281.6666667,37.77777778
35344,"Underrepresented","Female","Not First-Gen",404.3793103,"Notre Dame University SP 2016",4,3.833333333,340.5862069,33.55172414
35416,"Not Underrepresented","Male","Not First-Gen",371.1923077,"Notre Dame University SP 2016",3.722333333,3.166666667,437.4038462,37.84615385
35824,"Not Underrepresented","Male","Not First-Gen",395.9310345,"Notre Dame University SP 2016",3.388833333,3.5,424.7758621,92.68965517
36038,"Underrepresented","Male","Not First-Gen",368.9615385,"Notre Dame University SP 2016",3.4445,3.666714286,321.9807692,48.96153846
36117,"Not Underrepresented","Male","Not First-Gen",413.6551724,"Notre Dame University SP 2016",3.571428571,3.777833333,331.6206897,29.44827586
36501,"Not Underrepresented","Male","Not First-Gen",438.88,"Notre Dame University SP 2016",3.555666667,3.611333333,376.34,22.92
36552,"Not Underrepresented","Female","Not First-Gen",389.3666667,"Notre Dame University SP 2016",3.714428571,3.666666667,350.15,32.3
36574,"Not Underrepresented","Male","Not First-Gen",483.3333333,"Notre Dame University SP 2016",3.714285714,3.8668,400.3958333,26.29166667
36875,"Not Underrepresented","Female","Not First-Gen",407.1666667,"Notre Dame University SP 2016",3.4445,3.722333333,372.8541667,26.625
37404,"Not Underrepresented","Female","Not First-Gen",383.6818182,"Notre Dame University SP 2016",3.833333333,3.833333333,354.6590909,25.27272727
38293,"Not Underrepresented","Female","Not First-Gen",341.5172414,"Notre Dame University SP 2016",3.5555,2.9445,394.4310345,22.5862069
38610,"Not Underrepresented","Female","Not First-Gen",379.2666667,"Notre Dame University SP 2016",3.888833333,3.666666667,374.95,28.23333333
38815,"Not Underrepresented","Male","Not First-Gen",333.0740741,"Notre Dame University SP 2016",3.778,3.611166667,373.0740741,75.44444444
39146,"Not Underrepresented","Female","Not First-Gen",422.5,"Notre Dame University SP 2016",3.761857143,3.714428571,339.375,6.464285714
42137,"Not Underrepresented","Female","Not First-Gen",359.5,"Notre Dame University SP 2016",3.555666667,3.666714286,338.1964286,40.25
43794,"Not Underrepresented","Female","Not First-Gen",352.6296296,"Notre Dame University SP 2016",3.889,3.889,380.5185185,34.44444444
44872,"Not Underrepresented","Female","Not First-Gen",318.1428571,"Notre Dame University SP 2016",3.9445,3.8335,372.9285714,49.42857143
44873,"Underrepresented","Male","Not First-Gen",364.2758621,"Notre Dame University SP 2016",3.333333333,3.778,381.4482759,25.24137931
44927,"Underrepresented","Female","Not First-Gen",384,"Notre Dame University SP 2016",3.809714286,3.809571429,374.2,16.13333333
45963,"Underrepresented","Female","Not First-Gen",377.0384615,"Notre Dame University SP 2016",3.666714286,3.952428571,368.8269231,27.23076923
46365,"Not Underrepresented","Male","Not First-Gen",398.4074074,"Notre Dame University SP 2016",4,4,371.7777778,47.2962963
46418,"Not Underrepresented","Male","Not First-Gen",375.7368421,"Notre Dame University SP 2016",3.666571429,3.875,376.5,33.52631579
47024,"Not Underrepresented","Female","Not First-Gen",390.5238095,"Notre Dame University SP 2016",3.889,3.666666667,428.8333333,48.66666667
47142,"Not Underrepresented","Female","Not First-Gen",407.6785714,"Notre Dame University SP 2016",3.761857143,3.833333333,335.9107143,55.82142857
47810,"Not Underrepresented","Female","Not First-Gen",437.3333333,"Notre Dame University SP 2016",3.619142857,3.611166667,367.3518519,47.37037037
48154,"Not Underrepresented","Female","Not First-Gen",462.3333333,"Notre Dame University SP 2016",3.571571429,3.619142857,344,20.25925926
49086,"Not Underrepresented","Female","Not First-Gen",464.7333333,"Notre Dame University SP 2016",3.777833333,3.889,422.7,35.4
49497,"Not Underrepresented","Female","Not First-Gen",348.4827586,"Notre Dame University SP 2016",3.722166667,3.777833333,346.6724138,47.06896552
49539,"Not Underrepresented","Male","Not First-Gen",390.75,"Notre Dame University SP 2016",3.1665,3.611,406.6041667,31.625
49790,"Underrepresented","Female","Not First-Gen",351.3448276,"Notre Dame University SP 2016",3.611333333,3.5,403.2068966,120.862069
50766,"Not Underrepresented","Male","Not First-Gen",415.0769231,"Notre Dame University SP 2016",3.833333333,4,390.2115385,48.92307692
51437,"Not Underrepresented","Female","Not First-Gen",340.8095238,"Notre Dame University SP 2016",3.714428571,3.762,446.0952381,26.28571429
51475,"Underrepresented","Female","Not First-Gen",316.7857143,"Notre Dame University SP 2016",3.666666667,3.777666667,437.25,26.78571429
52302,"Underrepresented","Male","Not First-Gen",430.0333333,"Notre Dame University SP 2016",3.7334,3.611333333,469.8833333,44.76666667
57359,"Underrepresented","Female","Not First-Gen",446.7241379,"Notre Dame University SP 2016",3.857142857,4,320.3965517,77.34482759
57443,"Underrepresented","Female","Not First-Gen",401.8571429,"Notre Dame University SP 2016",3.277833333,3.611166667,367.3035714,12.85714286
59097,"Underrepresented","Male","Not First-Gen",445.4333333,"Notre Dame University SP 2016",3.722166667,3.7334,410.55,66.6
59207,"Not Underrepresented","Male","Not First-Gen",481.3571429,"Notre Dame University SP 2016",3.389,3.555666667,386.9107143,23.57142857
62246,"Not Underrepresented","Male","Not First-Gen",437.2,"Notre Dame University SP 2016",3.777833333,3.8335,327.4,50.5
62617,"Not Underrepresented","Female","Not First-Gen",465,"Notre Dame University SP 2016",3.777833333,3.722166667,333.2,34.03333333
63138,"Not Underrepresented","Female","Not First-Gen",441.5862069,"Notre Dame University SP 2016",3.9445,3.91675,372.6551724,42.37931034
63347,"Not Underrepresented","Male","Not First-Gen",408.3793103,"Notre Dame University SP 2016",3.952428571,3.904857143,443.7931034,54.03448276
63419,"Underrepresented","Female","Not First-Gen",330.5185185,"Notre Dame University SP 2016",3.291625,3.333285714,491.2777778,41.77777778
63904,"Not Underrepresented","Female","Not First-Gen",336.9285714,"Notre Dame University SP 2016",3.611333333,3.857142857,323.0714286,16.25
64232,"Not Underrepresented","Female","Not First-Gen",404.3103448,"Notre Dame University SP 2016",3.277833333,3.5555,401.4310345,110.5172414
64296,"Not Underrepresented","Male","Not First-Gen",347.9,"Notre Dame University SP 2016",3.5,3.444333333,322.4833333,34.1
65656,"Not Underrepresented","Male","Not First-Gen",311.6071429,"Notre Dame University SP 2016",3.523857143,3.238142857,376.4464286,27.39285714
66815,"Not Underrepresented","Male","Not First-Gen",408.1724138,"Notre Dame University SP 2016",3.9445,3.833333333,371.6551724,20.17241379
67106,"Underrepresented","Male","Not First-Gen",398.1,"Notre Dame University SP 2016",3.888833333,4,317,49.13333333
67574,"Not Underrepresented","Male","Not First-Gen",358.9473684,"Notre Dame University SP 2016",3.666666667,3.4445,369.1315789,32.10526316
67709,"Underrepresented","Male","Not First-Gen",405.2083333,"Notre Dame University SP 2016",3.5334,3.625,504.5,33.95833333
67918,"Not Underrepresented","Male","Not First-Gen",465.7,"Notre Dame University SP 2016",3.889,3.888833333,391.2666667,15.7
69057,"Not Underrepresented","Male","Not First-Gen",316.7666667,"Notre Dame University SP 2016",3.222166667,3.000166667,386.3833333,91.26666667
70492,"Not Underrepresented","Male","Not First-Gen",299.0740741,"Notre Dame University SP 2016",3.4445,3.555666667,435.5185185,51.66666667
71985,"Not Underrepresented","Male","Not First-Gen",376.9259259,"Notre Dame University SP 2016",3.666666667,3.555666667,364.6851852,33.37037037
72348,"Not Underrepresented","Female","Not First-Gen",485.4333333,"Notre Dame University SP 2016",3.888833333,3.666666667,275.05,29.7
72806,"Not Underrepresented","Female","Not First-Gen",467.68,"Notre Dame University SP 2016",3.778,3.9445,343.42,20.52
73158,"Underrepresented","Male","Not First-Gen",415.0333333,"Notre Dame University SP 2016",3.952428571,3.904857143,287.1166667,38
74899,"Not Underrepresented","Male","Not First-Gen",334.5294118,"Notre Dame University SP 2016",3.571428571,3.500166667,365.8823529,19.52941176
75149,"Not Underrepresented","Female","Not First-Gen",300.8095238,"Notre Dame University SP 2016",3.111166667,3.1665,518.7619048,133.2380952
77036,"Not Underrepresented","Female","Not First-Gen",474.8,"Notre Dame University SP 2016",3.3335,3.2,326.0666667,13.6
77711,"Not Underrepresented","Male","Not First-Gen",427.3666667,"Notre Dame University SP 2016",3.9445,3.888833333,398.3833333,24.2
79167,"Not Underrepresented","Female","Not First-Gen",390.9310345,"Notre Dame University SP 2016",3.5,3.857285714,352.7586207,63.34482759
79352,"Not Underrepresented","Female","Not First-Gen",306.3214286,"Notre Dame University SP 2016",3.722333333,3.555666667,432.6785714,19.57142857
79607,"Not Underrepresented","Male","Not First-Gen",340.1111111,"Notre Dame University SP 2016",3.833375,3.904714286,404.0555556,35.62962963
80177,"Not Underrepresented","Male","Not First-Gen",357.8571429,"Notre Dame University SP 2016",3.777833333,3.889,355.0952381,21.42857143
81807,"Not Underrepresented","Male","Not First-Gen",366.7,"Notre Dame University SP 2016",3.833333333,3.666833333,408.25,20.1
82986,"Underrepresented","Female","Not First-Gen",272.5862069,"Notre Dame University SP 2016",3.5334,3.166666667,390.1034483,12.62068966
83005,"Underrepresented","Female","Not First-Gen",423.7333333,"Notre Dame University SP 2016",3.8335,3.9445,324.3833333,31.9
83536,"Underrepresented","Female","Not First-Gen",452.7,"Notre Dame University SP 2016",3.833333333,3.555666667,368.9833333,16.16666667
83566,"Not Underrepresented","Female","Not First-Gen",454.6666667,"Notre Dame University SP 2016",3.555666667,3.5555,408.4833333,14.5
83612,"Not Underrepresented","Female","Not First-Gen",382.6818182,"Notre Dame University SP 2016",3.761857143,3.9445,359,15.59090909
84011,"Not Underrepresented","Female","Not First-Gen",375.0689655,"Notre Dame University SP 2016",3.857142857,4,342.637931,58.55172414
85503,"Not Underrepresented","Male","Not First-Gen",349.3076923,"Notre Dame University SP 2016",3.611166667,3.222333333,393.0576923,43.38461538
86440,"Not Underrepresented","Male","Not First-Gen",368.04,"Notre Dame University SP 2016",3.777833333,3.8002,384.64,20.36
87328,"Not Underrepresented","Male","Not First-Gen",453.6666667,"Notre Dame University SP 2016",3.9445,3.889,479.1666667,32.88888889
88185,"Not Underrepresented","Female","Not First-Gen",420.9333333,"Notre Dame University SP 2016",3.722333333,3.9445,377.4666667,15.23333333
88882,"Not Underrepresented","Male","Not First-Gen",332.2758621,"Notre Dame University SP 2016",3.9445,3.9445,377.1034483,40.27586207
89607,"Not Underrepresented","Male","Not First-Gen",325.4444444,"Notre Dame University SP 2016",3.277666667,2.722166667,477.8148148,34.74074074
89652,"Not Underrepresented","Female","Not First-Gen",419.4,"Notre Dame University SP 2016",3.762,3.952428571,393.66,35
91551,"Not Underrepresented","Male","Not First-Gen",260.5714286,"Notre Dame University SP 2016",3.857285714,3.9445,390.6964286,177.5357143
92038,"Not Underrepresented","Male","Not First-Gen",420.2758621,"Notre Dame University SP 2016",3.777833333,4,425.7241379,58.03448276
92412,"Not Underrepresented","Male","Not First-Gen",443.7,"Notre Dame University SP 2016",4,4,338.55,54.86666667
92515,"Not Underrepresented","Male","Not First-Gen",398.7894737,"Notre Dame University SP 2016",4,4,437.4210526,62.68421053
92552,"Underrepresented","Male","Not First-Gen",342.3809524,"Notre Dame University SP 2016",3.500166667,3.1334,544.7380952,99.80952381
93002,"Not Underrepresented","Female","Not First-Gen",391.0769231,"Notre Dame University SP 2016",3.380857143,3.714428571,343.75,29.03846154
93485,"Not Underrepresented","Male","Not First-Gen",419.2666667,"Notre Dame University SP 2016",3.888833333,3.666666667,328.4333333,19.76666667
93699,"Not Underrepresented","Female","Not First-Gen",334.6428571,"Notre Dame University SP 2016",3.4445,3.555666667,332.2321429,43.71428571
94641,"Not Underrepresented","Male","Not First-Gen",359.7931034,"Notre Dame University SP 2016",3.8002,3.666666667,327.3793103,120.3793103
95543,"Underrepresented","Male","Not First-Gen",363.2,"Notre Dame University SP 2016",3.8335,3.9445,438.3666667,17.6
95559,"Not Underrepresented","Male","Not First-Gen",351.5,"Notre Dame University SP 2016",3.111166667,3.166833333,394.5333333,65.46666667
96613,"Not Underrepresented","Male","Not First-Gen",468.6428571,"Notre Dame University SP 2016",3.666666667,3.666833333,410.4642857,48.96428571
97448,"Underrepresented","Male","Not First-Gen",367.7931034,"Notre Dame University SP 2016",3.889,3.611166667,398.862069,84.13793103
97990,"Not Underrepresented","Female","Not First-Gen",318.125,"Notre Dame University SP 2016",3.611166667,3.4445,580.78125,49.5
98462,"Not Underrepresented","Male","Not First-Gen",360.76,"Notre Dame University SP 2016",3.389,3.388833333,389.42,65.36
98700,"Not Underrepresented","Female","Not First-Gen",427.5517241,"Notre Dame University SP 2016",3.8335,3.722166667,314.5,34.51724138
99733,"Not Underrepresented","Female","Not First-Gen",324.3333333,"Notre Dame University SP 2016",3.3335,3.222166667,344.8148148,41.62962963
99978,"Underrepresented","Male","Not First-Gen",383.4482759,"Notre Dame University SP 2016",3.722166667,3.611333333,407.9310345,44.34482759
